﻿<?xml version="1.0" encoding="UTF-8" standalone="yes"?>
<addon id="plugin.video.pld.visiontv" name="[COLOR purple]PLD.VisionTV[/COLOR]" version="1.0.1.4" provider-name="Juarrox">
  <requires>
    <import addon="xbmc.python" version="2.1.0"/>
	<import addon="plugin.video.youtube" optional="true"/>		
	<import addon="plugin.video.SportsDevil" optional="true"/>
	<import addon="plugin.video.p2p-streams" optional="true"/>
	<import addon="program.plexus" optional="true"/>	
	<import addon="script.module.t0mm0.common" version="1.0.0"/>
	<import addon="script.module.beautifulsoup" version="3.2.1"/>
	<import addon="script.module.requests" /> 
	<import addon="script.module.youtube.dl" optional="true"/>    
	<import addon="script.common.plugin.cache"/>	
    <import addon="script.module.m3u8" version="0.2.2"/>
    <import addon="script.module.dateutil" version="2.4.2"/>	
  </requires>
  <extension point="xbmc.python.pluginsource" library="default.py">
        <provides>video</provides>
  </extension>
  <extension point="xbmc.addon.metadata">
    <summary lang="en">[COLOR blue]PLD.VisionTV[/COLOR]</summary>
    <description lang="en">[COLOR red][B][COLOR blue]PLD.VisionTV[/COLOR][/B][/COLOR] ESTE ADDON ES SOLO UNA MODIFICACION DE PALCO TV TODOS LOS MERITO SON PARA SU CREADOR Juarrox AL CUAL AGRADECEMOS TODO SU EFUERZO EN CREAR PALCO TV </description>
    <disclaimer lang="en">[B]Queda prohibida la distribución de este addon junto con contenidos multimedia protegidos por derechos de autor.[/B] La vulneración de esta prohibición exonerará de culpa a su autor siendo el único responsable quien lo haya distribuido ilegalmente.</disclaimer>
    <platform>all</platform>
  </extension>
</addon>