<?xml version="1.0" encoding="UTF-8"?>
    <addon id="repository.west" name="Repo WEST" version="0.1.1" provider-name="Yo">
        <requires>
            <import addon="xbmc.addon" version="12.0.0"/>
        </requires>
        <extension point="xbmc.addon.repository" name="Repo WEST">
            <info compressed="false">https://raw.githubusercontent.com/chesterfiel/west/master/_repo/addons.xml</info>
            <checksum>https://raw.githubusercontent.com/chesterfiel/west/master/_repo/addons.xml.md5</checksum>
            <datadir zip="true">https://raw.githubusercontent.com/chesterfiel/west/master/_repo/</datadir>
            <hashes>false</hashes>
        </extension>
        <extension point="xbmc.addon.metadata">
            <summary>Addons PLD</summary>
            <description>Addons PLD.</description>
            <platform>all</platform>
    </extension>
</addon>